{
  "model_version": "3.4.0",
  "FITUR_KOLOM": [
    "engine_rpm",
    "engine_load_pct",
    "coolant_temp_c",
    "coolant_pressure_kpa",
    "engine_oil_temp_c",
    "engine_oil_pressure_kpa",
    "transmission_oil_temp_c",
    "transmission_oil_pressure_kpa",
    "fuel_consumption_rate_lph",
    "boost_pressure_kpa",
    "exhaust_gas_temp_c",
    "battery_voltage_v",
    "vibration_x_g",
    "vibration_y_g",
    "vibration_z_g",
    "acoustic_emission_db",
    "hydraulic_main_pump_pressure_bar",
    "oil_viscosity_cst",
    "oil_particle_count_iso",
    "oil_moisture_pct",
    "wear_metal_fe_ppm",
    "wear_metal_cu_ppm",
    "payload_tonnage",
    "cycle_time_minutes",
    "haul_distance_km",
    "road_grade_pct",
    "ambient_temp_c",
    "humidity_pct",
    "dust_concentration_mgm3",
    "days_since_last_pm",
    "last_maintenance_hours",
    "oil_change_flag",
    "oil_particle_count_iso_dropout_flag",
    "payload_tonnage_dropout_flag",
    "cycle_time_minutes_dropout_flag",
    "haul_distance_km_dropout_flag",
    "oil_change_flag_dropout_flag"
  ],
  "TIME_STEPS": 20,
  "RUL_MAX": 5000.0,
  "WARNING_THRESH": 72,
  "CRITICAL_THRESH": 24,
  "TARGET_MAE": {
    "1": 72.0,
    "2": 24.0
  },
  "expert_types": [
    "bulldozer",
    "haul_truck",
    "excavator",
    "wheel_loader"
  ],
  "mae_global": 90.81258392333984,
  "gate_all_pass": true,
  "xgb_threshold": 0.2899999999999999,
  "xgb_strategy": "TUNED",
  "xgb_accuracy": 0.9685411462904205,
  "recall_critical": 0.9393939393939394,
  "silent_miss": 0,
  "scaler_checksum": 7996.191314504122,
  "drift_baseline": {
    "mean": [
      -1.3177981372791692e-07,
      2.0590594829172915e-07,
      -7.515567403970635e-07,
      -9.203996000906045e-07,
      1.894334786811669e-07,
      -1.0707109368013334e-06,
      2.2237843211314612e-07,
      5.847729198649176e-07,
      2.017878273363749e-07,
      -8.483324904773326e-07,
      1.1530732990649994e-07,
      1.4172763940223376e-06,
      -2.4708713297627583e-08,
      -1.2354356648813791e-08,
      4.118118823726036e-08,
      -1.7296099485974992e-07,
      3.2944950589808286e-07,
      -1.2354356648813791e-08,
      -9.883485319051033e-08,
      -6.177178590860422e-08,
      2.4708713297627583e-08,
      3.294495343197923e-08,
      9.883485319051033e-08,
      -3.294495343197923e-08,
      -3.294495343197923e-08,
      0.0,
      -1.065563282054427e-07,
      2.6922202778223436e-07,
      6.588990686395846e-08,
      4.52993091926146e-08,
      -3.500401035694267e-08,
      2.059059589498702e-09,
      -1.4413416238312493e-07,
      -4.9417426595255165e-08,
      6.588990686395846e-08,
      6.588990686395846e-08,
      3.114327569164743e-07
    ],
    "std": [
      1.0,
      1.0,
      1.0,
      0.9999999403953552,
      1.0,
      1.0,
      1.0,
      0.9999999403953552,
      0.9999999403953552,
      0.9999999403953552,
      1.0,
      0.9999999403953552,
      1.0,
      1.0,
      1.0,
      1.0,
      0.9999999403953552,
      1.0,
      1.0,
      1.0,
      0.9999999403953552,
      1.0,
      0.9999998807907104,
      1.0,
      1.0,
      1.0,
      1.0,
      1.0,
      1.0,
      1.0,
      1.0,
      1.0,
      1.0,
      0.9999998807907104,
      1.0000001192092896,
      1.0000001192092896,
      1.0
    ]
  },
  "per_expert": {
    "bulldozer": {
      "mae_test": 123.03265380859375,
      "mae_critical": 11.5,
      "bias_critical": -11.5,
      "gate_pass": true,
      "mlflow_run": "8146b16c56b24cc1ae3701693cc2fec3"
    },
    "haul_truck": {
      "mae_test": 85.41271209716797,
      "mae_critical": 9.299198150634766,
      "bias_critical": -8.900498390197754,
      "gate_pass": true,
      "mlflow_run": "ee743221ea584c598ed68a4e8b1bc001"
    },
    "excavator": {
      "mae_test": 67.24147033691406,
      "mae_critical": 10.375466346740723,
      "bias_critical": -10.25361156463623,
      "gate_pass": true,
      "mlflow_run": "6a695f0bd1e64514b2adfc55e64597de"
    },
    "wheel_loader": {
      "mae_test": 87.5634994506836,
      "mae_critical": 9.700928688049316,
      "bias_critical": -9.601372718811035,
      "gate_pass": true,
      "mlflow_run": "7683c0061c034aa7b570b96b5dd37355"
    }
  }
}